D0,D1,D2,mode,I_rms_sq_original,k
0.01,0.52,0.49,1,-522942933333333.7,0.98
0.01,0.55,0.49,1,-523483733333333.25,0.98
0.01,0.55,0.52,1,-1244600533333330.8,0.98
0.01,0.58,0.49,1,-524082133333335.06,0.98
0.01,0.58,0.52,1,-1245198933333332.5,0.98
0.01,0.58,0.55,1,-1870334933333339.5,0.98
0.01,0.61,0.49,1,-524738133333336.1,0.98
0.01,0.61,0.52,1,-1245854933333333.5,0.98
0.01,0.61,0.55,1,-1870990933333340.5,0.98
0.01,0.61,0.58,1,-2400146133333343.5,0.98
0.01,0.64,0.49,1,-525451733333336.5,0.98
0.01,0.64,0.52,1,-1246568533333334.0,0.98
0.01,0.64,0.55,1,-1871704533333341.0,0.98
0.01,0.64,0.58,1,-2400859733333344.0,0.98
0.01,0.64,0.61,1,-2834034133333326.5,0.98
0.01,0.6699999999999999,0.49,1,-526222933333336.2,0.98
0.01,0.6699999999999999,0.52,1,-1247339733333333.8,0.98
0.01,0.6699999999999999,0.55,1,-1872475733333340.8,0.98
0.01,0.6699999999999999,0.58,1,-2401630933333343.5,0.98
0.01,0.6699999999999999,0.61,1,-2834805333333326.0,0.98
0.01,0.6699999999999999,0.64,1,-3171998933333347.5,0.98
0.01,0.7,0.49,1,-527051733333335.2,0.98
0.01,0.7,0.52,1,-1248168533333332.5,0.98
0.01,0.7,0.55,1,-1873304533333339.5,0.98
0.01,0.7,0.58,1,-2402459733333342.5,0.98
0.01,0.7,0.61,1,-2835634133333325.0,0.98
0.01,0.7,0.64,1,-3172827733333346.5,0.98
0.01,0.7,0.6699999999999999,1,-3414040533333345.0,0.98
0.01,0.73,0.49,1,-527938133333333.44,0.98
0.01,0.73,0.52,1,-1249054933333330.8,0.98
0.01,0.73,0.55,1,-1874190933333337.8,0.98
0.01,0.73,0.58,1,-2403346133333340.5,0.98
0.01,0.73,0.61,1,-2836520533333323.5,0.98
0.01,0.73,0.64,1,-3173714133333345.0,0.98
0.01,0.73,0.6699999999999999,1,-3414926933333343.0,0.98
0.01,0.73,0.7,1,-3560158933333336.0,0.98
0.01,0.76,0.49,1,-528882133333333.94,0.98
0.01,0.76,0.52,1,-1249998933333331.2,0.98
0.01,0.76,0.55,1,-1875134933333338.2,0.98
0.01,0.76,0.58,1,-2404290133333341.0,0.98
0.01,0.76,0.61,1,-2837464533333324.0,0.98
0.01,0.76,0.64,1,-3174658133333345.5,0.98
0.01,0.76,0.6699999999999999,1,-3415870933333343.5,0.98
0.01,0.76,0.7,1,-3561102933333336.5,0.98
0.01,0.76,0.73,1,-3610354133333324.0,0.98
0.01,0.79,0.49,1,-529883733333336.7,0.98
0.01,0.79,0.52,1,-1251000533333334.0,0.98
0.01,0.79,0.55,1,-1876136533333341.0,0.98
0.01,0.79,0.58,1,-2405291733333344.0,0.98
0.01,0.79,0.61,1,-2838466133333326.5,0.98
0.01,0.79,0.64,1,-3175659733333348.0,0.98
0.01,0.79,0.6699999999999999,1,-3416872533333346.5,0.98
0.01,0.79,0.7,1,-3562104533333339.5,0.98
0.01,0.79,0.73,1,-3611355733333327.0,0.98
0.01,0.79,0.76,1,-3564626133333335.5,0.98
0.01,0.82,0.49,1,-530942933333332.75,0.98
0.01,0.82,0.52,1,-1252059733333330.2,0.98
0.01,0.82,0.55,1,-1877195733333337.2,0.98
0.01,0.82,0.58,1,-2406350933333340.0,0.98
0.01,0.82,0.61,1,-2839525333333322.5,0.98
0.01,0.82,0.64,1,-3176718933333344.0,0.98
0.01,0.82,0.6699999999999999,1,-3417931733333342.5,0.98
0.01,0.82,0.7,1,-3563163733333335.5,0.98
0.01,0.82,0.73,1,-3612414933333323.0,0.98
0.01,0.82,0.76,1,-3565685333333331.5,0.98
0.01,0.82,0.79,1,-3422974933333338.0,0.98
0.01,0.85,0.49,1,-532059733333337.06,0.98
0.01,0.85,0.52,1,-1253176533333334.5,0.98
0.01,0.85,0.55,1,-1878312533333341.5,0.98
0.01,0.85,0.58,1,-2407467733333344.5,0.98
0.01,0.85,0.61,1,-2840642133333327.0,0.98
0.01,0.85,0.64,1,-3177835733333348.5,0.98
0.01,0.85,0.6699999999999999,1,-3419048533333347.0,0.98
0.01,0.85,0.7,1,-3564280533333340.0,0.98
0.01,0.85,0.73,1,-3613531733333327.0,0.98
0.01,0.85,0.76,1,-3566802133333336.0,0.98
0.01,0.85,0.79,1,-3424091733333342.0,0.98
0.01,0.85,0.82,1,-3185400533333322.0,0.98
0.01,0.88,0.49,1,-533234133333334.7,0.98
0.01,0.88,0.52,1,-1254350933333332.2,0.98
0.01,0.88,0.55,1,-1879486933333339.2,0.98
0.01,0.88,0.58,1,-2408642133333342.0,0.98
0.01,0.88,0.61,1,-2841816533333324.5,0.98
0.01,0.88,0.64,1,-3179010133333346.0,0.98
0.01,0.88,0.6699999999999999,1,-3420222933333344.5,0.98
0.01,0.88,0.7,1,-3565454933333337.5,0.98
0.01,0.88,0.73,1,-3614706133333325.0,0.98
0.01,0.88,0.76,1,-3567976533333333.5,0.98
0.01,0.88,0.79,1,-3425266133333339.5,0.98
0.01,0.88,0.82,1,-3186574933333319.5,0.98
0.01,0.88,0.85,1,-2851902933333347.5,0.98
0.01,0.9099999999999999,0.49,1,-534466133333334.6,0.98
0.01,0.9099999999999999,0.52,1,-1255582933333332.0,0.98
0.01,0.9099999999999999,0.55,1,-1880718933333339.0,0.98
0.01,0.9099999999999999,0.58,1,-2409874133333342.0,0.98
0.01,0.9099999999999999,0.61,1,-2843048533333324.5,0.98
0.01,0.9099999999999999,0.64,1,-3180242133333346.0,0.98
0.01,0.9099999999999999,0.6699999999999999,1,-3421454933333344.5,0.98
0.01,0.9099999999999999,0.7,1,-3566686933333337.5,0.98
0.01,0.9099999999999999,0.73,1,-3615938133333325.0,0.98
0.01,0.9099999999999999,0.76,1,-3569208533333333.5,0.98
0.01,0.9099999999999999,0.79,1,-3426498133333339.5,0.98
0.01,0.9099999999999999,0.82,1,-3187806933333319.5,0.98
0.01,0.9099999999999999,0.85,1,-2853134933333347.5,0.98
0.01,0.9099999999999999,0.88,1,-2422482133333322.5,0.98
0.01,0.94,0.49,1,-535755733333336.75,0.98
0.01,0.94,0.52,1,-1256872533333334.2,0.98
0.01,0.94,0.55,1,-1882008533333341.2,0.98
0.01,0.94,0.58,1,-2411163733333344.0,0.98
0.01,0.94,0.61,1,-2844338133333326.5,0.98
0.01,0.94,0.64,1,-3181531733333348.0,0.98
0.01,0.94,0.6699999999999999,1,-3422744533333346.5,0.98
0.01,0.94,0.7,1,-3567976533333339.5,0.98
0.01,0.94,0.73,1,-3617227733333327.0,0.98
0.01,0.94,0.76,1,-3570498133333335.5,0.98
0.01,0.94,0.79,1,-3427787733333342.0,0.98
0.01,0.94,0.82,1,-3189096533333322.0,0.98
0.01,0.94,0.85,1,-2854424533333349.5,0.98
0.01,0.94,0.88,1,-2423771733333324.5,0.98
0.01,0.94,0.9099999999999999,1,-1897138133333347.5,0.98
0.01,0.97,0.49,1,-537102933333335.25,0.98
0.01,0.97,0.52,1,-1258219733333332.8,0.98
0.01,0.97,0.55,1,-1883355733333339.8,0.98
0.01,0.97,0.58,1,-2412510933333342.5,0.98
0.01,0.97,0.61,1,-2845685333333325.0,0.98
0.01,0.97,0.64,1,-3182878933333346.5,0.98
0.01,0.97,0.6699999999999999,1,-3424091733333345.0,0.98
0.01,0.97,0.7,1,-3569323733333338.0,0.98
0.01,0.97,0.73,1,-3618574933333325.5,0.98
0.01,0.97,0.76,1,-3571845333333334.0,0.98
0.01,0.97,0.79,1,-3429134933333340.0,0.98
0.01,0.97,0.82,1,-3190443733333320.5,0.98
0.01,0.97,0.85,1,-2855771733333348.0,0.98
0.01,0.97,0.88,1,-2425118933333323.0,0.98
0.01,0.97,0.9099999999999999,1,-1898485333333346.0,0.98
0.01,0.97,0.94,1,-1275870933333319.0,0.98
0.04,0.49,0.43,1,-642862933333327.6,0.98
0.04,0.52,0.43,1,-643326933333329.1,0.98
0.04,0.52,0.45999999999999996,1,-1368226133333326.8,0.98
0.04,0.55,0.43,1,-643848533333328.4,0.98
0.04,0.55,0.45999999999999996,1,-1368747733333327.5,0.98
0.04,0.55,0.49,1,-1997666133333330.0,0.98
0.04,0.58,0.43,1,-644427733333328.5,0.98
0.04,0.58,0.45999999999999996,1,-1369326933333327.5,0.98
0.04,0.58,0.49,1,-1998245333333330.0,0.98
0.04,0.58,0.52,1,-2531182933333339.0,0.98
0.04,0.61,0.43,1,-645064533333327.9,0.98
0.04,0.61,0.45999999999999996,1,-1369963733333329.8,0.98
0.04,0.61,0.49,1,-1998882133333332.2,0.98
0.04,0.61,0.52,1,-2531819733333341.0,0.98
0.04,0.61,0.55,1,-2968776533333335.5,0.98
0.04,0.64,0.43,1,-645758933333328.0,0.98
0.04,0.64,0.45999999999999996,1,-1370658133333331.5,0.98
0.04,0.64,0.49,1,-1999576533333334.0,0.98
0.04,0.64,0.52,1,-2532514133333343.0,0.98
0.04,0.64,0.55,1,-2969470933333337.5,0.98
0.04,0.64,0.58,1,-3310446933333334.0,0.98
0.04,0.6699999999999999,0.43,1,-646510933333328.9,0.98
0.04,0.6699999999999999,0.45999999999999996,1,-1371410133333329.2,0.98
0.04,0.6699999999999999,0.49,1,-2000328533333331.8,0.98
0.04,0.6699999999999999,0.52,1,-2533266133333340.5,0.98
0.04,0.6699999999999999,0.55,1,-2970222933333335.5,0.98
0.04,0.6699999999999999,0.58,1,-3311198933333332.0,0.98
0.04,0.6699999999999999,0.61,1,-3556194133333337.5,0.98
0.04,0.7,0.43,1,-647320533333327.5,0.98
0.04,0.7,0.45999999999999996,1,-1372219733333329.5,0.98
0.04,0.7,0.49,1,-2001138133333332.0,0.98
0.04,0.7,0.52,1,-2534075733333341.0,0.98
0.04,0.7,0.55,1,-2971032533333335.5,0.98
0.04,0.7,0.58,1,-3312008533333332.0,0.98
0.04,0.7,0.61,1,-3557003733333337.5,0.98
0.04,0.7,0.64,1,-3706018133333329.0,0.98
0.04,0.73,0.43,1,-648187733333330.0,0.98
0.04,0.73,0.45999999999999996,1,-1373086933333329.0,0.98
0.04,0.73,0.49,1,-2002005333333331.5,0.98
0.04,0.73,0.52,1,-2534942933333340.5,0.98
0.04,0.73,0.55,1,-2971899733333335.0,0.98
0.04,0.73,0.58,1,-3312875733333331.5,0.98
0.04,0.73,0.61,1,-3557870933333337.0,0.98
0.04,0.73,0.64,1,-3706885333333328.5,0.98
0.04,0.73,0.6699999999999999,1,-3759918933333332.5,0.98
0.04,0.76,0.43,1,-649112533333328.8,0.98
0.04,0.76,0.45999999999999996,1,-1374011733333327.8,0.98
0.04,0.76,0.49,1,-2002930133333330.2,0.98
0.04,0.76,0.52,1,-2535867733333339.0,0.98
0.04,0.76,0.55,1,-2972824533333333.5,0.98
0.04,0.76,0.58,1,-3313800533333330.0,0.98
0.04,0.76,0.61,1,-3558795733333335.5,0.98
0.04,0.76,0.64,1,-3707810133333327.0,0.98
0.04,0.76,0.6699999999999999,1,-3760843733333331.0,0.98
0.04,0.76,0.7,1,-3717896533333329.5,0.98
0.04,0.79,0.43,1,-650094933333329.8,0.98
0.04,0.79,0.45999999999999996,1,-1374994133333328.8,0.98
0.04,0.79,0.49,1,-2003912533333331.2,0.98
0.04,0.79,0.52,1,-2536850133333340.0,0.98
0.04,0.79,0.55,1,-2973806933333334.5,0.98
0.04,0.79,0.58,1,-3314782933333331.0,0.98
0.04,0.79,0.61,1,-3559778133333336.5,0.98
0.04,0.79,0.64,1,-3708792533333328.5,0.98
0.04,0.79,0.6699999999999999,1,-3761826133333332.0,0.98
0.04,0.79,0.7,1,-3718878933333330.5,0.98
0.04,0.79,0.73,1,-3579950933333335.5,0.98
0.04,0.82,0.43,1,-651134933333328.6,0.98
0.04,0.82,0.45999999999999996,1,-1376034133333329.0,0.98
0.04,0.82,0.49,1,-2004952533333331.5,0.98
0.04,0.82,0.52,1,-2537890133333340.5,0.98
0.04,0.82,0.55,1,-2974846933333335.0,0.98
0.04,0.82,0.58,1,-3315822933333331.5,0.98
0.04,0.82,0.61,1,-3560818133333337.0,0.98
0.04,0.82,0.64,1,-3709832533333328.5,0.98
0.04,0.82,0.6699999999999999,1,-3762866133333332.5,0.98
0.04,0.82,0.7,1,-3719918933333331.0,0.98
0.04,0.82,0.73,1,-3580990933333335.5,0.98
0.04,0.82,0.76,1,-3346082133333332.0,0.98
0.04,0.85,0.43,1,-652232533333328.1,0.98
0.04,0.85,0.45999999999999996,1,-1377131733333328.8,0.98
0.04,0.85,0.49,1,-2006050133333331.2,0.98
0.04,0.85,0.52,1,-2538987733333340.0,0.98
0.04,0.85,0.55,1,-2975944533333334.5,0.98
0.04,0.85,0.58,1,-3316920533333331.0,0.98
0.04,0.85,0.61,1,-3561915733333336.5,0.98
0.04,0.85,0.64,1,-3710930133333328.0,0.98
0.04,0.85,0.6699999999999999,1,-3763963733333332.0,0.98
0.04,0.85,0.7,1,-3721016533333330.5,0.98
0.04,0.85,0.73,1,-3582088533333335.0,0.98
0.04,0.85,0.76,1,-3347179733333331.5,0.98
0.04,0.85,0.79,1,-3016290133333338.0,0.98
0.04,0.88,0.43,1,-653387733333328.5,0.98
0.04,0.88,0.45999999999999996,1,-1378286933333330.5,0.98
0.04,0.88,0.49,1,-2007205333333333.0,0.98
0.04,0.88,0.52,1,-2540142933333342.0,0.98
0.04,0.88,0.55,1,-2977099733333336.5,0.98
0.04,0.88,0.58,1,-3318075733333333.0,0.98
0.04,0.88,0.61,1,-3563070933333338.5,0.98
0.04,0.88,0.64,1,-3712085333333330.0,0.98
0.04,0.88,0.6699999999999999,1,-3765118933333334.0,0.98
0.04,0.88,0.7,1,-3722171733333332.0,0.98
0.04,0.88,0.73,1,-3583243733333337.0,0.98
0.04,0.88,0.76,1,-3348334933333333.5,0.98
0.04,0.88,0.79,1,-3017445333333339.5,0.98
0.04,0.88,0.82,1,-2590574933333343.0,0.98
0.04,0.9099999999999999,0.43,1,-654600533333329.6,0.98
0.04,0.9099999999999999,0.45999999999999996,1,-1379499733333328.8,0.98
0.04,0.9099999999999999,0.49,1,-2008418133333331.2,0.98
0.04,0.9099999999999999,0.52,1,-2541355733333340.0,0.98
0.04,0.9099999999999999,0.55,1,-2978312533333334.5,0.98
0.04,0.9099999999999999,0.58,1,-3319288533333331.0,0.98
0.04,0.9099999999999999,0.61,1,-3564283733333336.5,0.98
0.04,0.9099999999999999,0.64,1,-3713298133333328.0,0.98
0.04,0.9099999999999999,0.6699999999999999,1,-3766331733333332.0,0.98
0.04,0.9099999999999999,0.7,1,-3723384533333330.5,0.98
0.04,0.9099999999999999,0.73,1,-3584456533333335.0,0.98
0.04,0.9099999999999999,0.76,1,-3349547733333331.5,0.98
0.04,0.9099999999999999,0.79,1,-3018658133333338.0,0.98
0.04,0.9099999999999999,0.82,1,-2591787733333341.0,0.98
0.04,0.9099999999999999,0.85,1,-2068936533333327.0,0.98
0.04,0.94,0.43,1,-655870933333328.6,0.98
0.04,0.94,0.45999999999999996,1,-1380770133333329.0,0.98
0.04,0.94,0.49,1,-2009688533333331.5,0.98
0.04,0.94,0.52,1,-2542626133333340.5,0.98
0.04,0.94,0.55,1,-2979582933333335.0,0.98
0.04,0.94,0.58,1,-3320558933333331.5,0.98
0.04,0.94,0.61,1,-3565554133333337.0,0.98
0.04,0.94,0.64,1,-3714568533333328.5,0.98
0.04,0.94,0.6699999999999999,1,-3767602133333332.5,0.98
0.04,0.94,0.7,1,-3724654933333331.0,0.98
0.04,0.94,0.73,1,-3585726933333335.5,0.98
0.04,0.94,0.76,1,-3350818133333332.0,0.98
0.04,0.94,0.79,1,-3019928533333338.0,0.98
0.04,0.94,0.82,1,-2593058133333341.5,0.98
0.04,0.94,0.85,1,-2070206933333327.5,0.98
0.04,0.94,0.88,1,-1451374933333337.5,0.98
0.04,0.97,0.43,1,-657198933333329.8,0.98
0.04,0.97,0.45999999999999996,1,-1382098133333328.8,0.98
0.04,0.97,0.49,1,-2011016533333331.2,0.98
0.04,0.97,0.52,1,-2543954133333340.0,0.98
0.04,0.97,0.55,1,-2980910933333334.5,0.98
0.04,0.97,0.58,1,-3321886933333331.0,0.98
0.04,0.97,0.61,1,-3566882133333336.5,0.98
0.04,0.97,0.64,1,-3715896533333328.5,0.98
0.04,0.97,0.6699999999999999,1,-3768930133333332.0,0.98
0.04,0.97,0.7,1,-3725982933333330.5,0.98
0.04,0.97,0.73,1,-3587054933333335.5,0.98
0.04,0.97,0.76,1,-3352146133333331.5,0.98
0.04,0.97,0.79,1,-3021256533333338.0,0.98
0.04,0.97,0.82,1,-2594386133333341.0,0.98
0.04,0.97,0.85,1,-2071534933333327.2,0.98
0.04,0.97,0.88,1,-1452702933333337.2,0.98
0.04,0.97,0.9099999999999999,1,-737890133333318.4,0.98
0.06999999999999999,0.43,0.33999999999999997,1,-118482133333334.48,0.98
0.06999999999999999,0.45999999999999996,0.33999999999999997,1,-118811733333334.19,0.98
0.06999999999999999,0.45999999999999996,0.37,1,-943474133333340.2,0.98
0.06999999999999999,0.49,0.33999999999999997,1,-119198933333334.67,0.98
0.06999999999999999,0.49,0.37,1,-943861333333340.8,0.98
0.06999999999999999,0.49,0.4,1,-1672542933333334.0,0.98
0.06999999999999999,0.52,0.33999999999999997,1,-119643733333334.44,0.98
0.06999999999999999,0.52,0.37,1,-944306133333340.5,0.98
0.06999999999999999,0.52,0.4,1,-1672987733333333.8,0.98
0.06999999999999999,0.52,0.43,1,-2305688533333329.0,0.98
0.06999999999999999,0.55,0.33999999999999997,1,-120146133333334.97,0.98
0.06999999999999999,0.55,0.37,1,-944808533333341.0,0.98
0.06999999999999999,0.55,0.4,1,-1673490133333334.2,0.98
0.06999999999999999,0.55,0.43,1,-2306190933333328.0,0.98
0.06999999999999999,0.55,0.45999999999999996,1,-2842910933333328.0,0.98
0.06999999999999999,0.58,0.33999999999999997,1,-120706133333334.78,0.98
0.06999999999999999,0.58,0.37,1,-945368533333340.9,0.98
0.06999999999999999,0.58,0.4,1,-1674050133333334.0,0.98
0.06999999999999999,0.58,0.43,1,-2306750933333329.5,0.98
0.06999999999999999,0.58,0.45999999999999996,1,-2843470933333329.5,0.98
0.06999999999999999,0.58,0.49,1,-3284210133333325.5,0.98
0.06999999999999999,0.61,0.33999999999999997,1,-121323733333333.89,0.98
0.06999999999999999,0.61,0.37,1,-945986133333340.0,0.98
0.06999999999999999,0.61,0.4,1,-1674667733333333.2,0.98
0.06999999999999999,0.61,0.43,1,-2307368533333330.0,0.98
0.06999999999999999,0.61,0.45999999999999996,1,-2844088533333330.0,0.98
0.06999999999999999,0.61,0.49,1,-3284827733333326.0,0.98
0.06999999999999999,0.61,0.52,1,-3629586133333334.5,0.98
0.06999999999999999,0.64,0.33999999999999997,1,-121998933333333.77,0.98
0.06999999999999999,0.64,0.37,1,-946661333333339.9,0.98
0.06999999999999999,0.64,0.4,1,-1675342933333333.0,0.98
0.06999999999999999,0.64,0.43,1,-2308043733333332.5,0.98
0.06999999999999999,0.64,0.45999999999999996,1,-2844763733333333.0,0.98
0.06999999999999999,0.64,0.49,1,-3285502933333329.0,0.98
0.06999999999999999,0.64,0.52,1,-3630261333333337.5,0.98
0.06999999999999999,0.64,0.55,1,-3879038933333325.5,0.98
0.06999999999999999,0.6699999999999999,0.33999999999999997,1,-122731733333334.4,0.98
0.06999999999999999,0.6699999999999999,0.37,1,-947394133333340.5,0.98
0.06999999999999999,0.6699999999999999,0.4,1,-1676075733333333.8,0.98
0.06999999999999999,0.6699999999999999,0.43,1,-2308776533333332.0,0.98
0.06999999999999999,0.6699999999999999,0.45999999999999996,1,-2845496533333332.0,0.98
0.06999999999999999,0.6699999999999999,0.49,1,-3286235733333328.0,0.98
0.06999999999999999,0.6699999999999999,0.52,1,-3630994133333336.5,0.98
0.06999999999999999,0.6699999999999999,0.55,1,-3879771733333325.0,0.98
0.06999999999999999,0.6699999999999999,0.58,1,-4032568533333338.5,0.98
0.06999999999999999,0.7,0.33999999999999997,1,-123522133333334.34,0.98
0.06999999999999999,0.7,0.37,1,-948184533333340.4,0.98
0.06999999999999999,0.7,0.4,1,-1676866133333333.8,0.98
0.06999999999999999,0.7,0.43,1,-2309566933333330.5,0.98
0.06999999999999999,0.7,0.45999999999999996,1,-2846286933333330.5,0.98
0.06999999999999999,0.7,0.49,1,-3287026133333326.5,0.98
0.06999999999999999,0.7,0.52,1,-3631784533333335.0,0.98
0.06999999999999999,0.7,0.55,1,-3880562133333323.0,0.98
0.06999999999999999,0.7,0.58,1,-4033358933333337.0,0.98
0.06999999999999999,0.7,0.61,1,-4090174933333336.5,0.98
0.06999999999999999,0.73,0.33999999999999997,1,-124370133333335.05,0.98
0.06999999999999999,0.73,0.37,1,-949032533333341.1,0.98
0.06999999999999999,0.73,0.4,1,-1677714133333334.2,0.98
0.06999999999999999,0.73,0.43,1,-2310414933333331.0,0.98
0.06999999999999999,0.73,0.45999999999999996,1,-2847134933333331.0,0.98
0.06999999999999999,0.73,0.49,1,-3287874133333327.5,0.98
0.06999999999999999,0.73,0.52,1,-3632632533333335.5,0.98
0.06999999999999999,0.73,0.55,1,-3881410133333324.0,0.98
0.06999999999999999,0.73,0.58,1,-4034206933333338.0,0.98
0.06999999999999999,0.73,0.61,1,-4091022933333337.5,0.98
0.06999999999999999,0.73,0.64,1,-4051858133333334.5,0.98
0.06999999999999999,0.76,0.33999999999999997,1,-125275733333335.03,0.98
0.06999999999999999,0.76,0.37,1,-949938133333341.1,0.98
0.06999999999999999,0.76,0.4,1,-1678619733333334.2,0.98
0.06999999999999999,0.76,0.43,1,-2311320533333331.0,0.98
0.06999999999999999,0.76,0.45999999999999996,1,-2848040533333331.0,0.98
0.06999999999999999,0.76,0.49,1,-3288779733333327.5,0.98
0.06999999999999999,0.76,0.52,1,-3633538133333335.5,0.98
0.06999999999999999,0.76,0.55,1,-3882315733333324.0,0.98
0.06999999999999999,0.76,0.58,1,-4035112533333338.0,0.98
0.06999999999999999,0.76,0.61,1,-4091928533333337.5,0.98
0.06999999999999999,0.76,0.64,1,-4052763733333334.5,0.98
0.06999999999999999,0.76,0.6699999999999999,1,-3917618133333338.0,0.98
0.06999999999999999,0.79,0.33999999999999997,1,-126238933333335.78,0.98
0.06999999999999999,0.79,0.37,1,-950901333333341.9,0.98
0.06999999999999999,0.79,0.4,1,-1679582933333335.0,0.98
0.06999999999999999,0.79,0.43,1,-2312283733333330.5,0.98
0.06999999999999999,0.79,0.45999999999999996,1,-2849003733333330.5,0.98
0.06999999999999999,0.79,0.49,1,-3289742933333326.5,0.98
0.06999999999999999,0.79,0.52,1,-3634501333333335.0,0.98
0.06999999999999999,0.79,0.55,1,-3883278933333323.0,0.98
0.06999999999999999,0.79,0.58,1,-4036075733333337.0,0.98
0.06999999999999999,0.79,0.61,1,-4092891733333336.5,0.98
0.06999999999999999,0.79,0.64,1,-4053726933333333.5,0.98
0.06999999999999999,0.79,0.6699999999999999,1,-3918581333333337.0,0.98
0.06999999999999999,0.79,0.7,1,-3687454933333329.0,0.98
0.06999999999999999,0.82,0.33999999999999997,1,-127259733333335.83,0.98
0.06999999999999999,0.82,0.37,1,-951922133333341.9,0.98
0.06999999999999999,0.82,0.4,1,-1680603733333335.2,0.98
0.06999999999999999,0.82,0.43,1,-2313304533333329.0,0.98
0.06999999999999999,0.82,0.45999999999999996,1,-2850024533333329.0,0.98
0.06999999999999999,0.82,0.49,1,-3290763733333325.0,0.98
0.06999999999999999,0.82,0.52,1,-3635522133333333.5,0.98
0.06999999999999999,0.82,0.55,1,-3884299733333322.0,0.98
0.06999999999999999,0.82,0.58,1,-4037096533333335.5,0.98
0.06999999999999999,0.82,0.61,1,-4093912533333335.0,0.98
0.06999999999999999,0.82,0.64,1,-4054747733333332.0,0.98
0.06999999999999999,0.82,0.6699999999999999,1,-3919602133333335.5,0.98
0.06999999999999999,0.82,0.7,1,-3688475733333327.5,0.98
0.06999999999999999,0.82,0.73,1,-3361368533333332.0,0.98
0.06999999999999999,0.85,0.33999999999999997,1,-128338133333333.69,0.98
0.06999999999999999,0.85,0.37,1,-953000533333339.8,0.98
0.06999999999999999,0.85,0.4,1,-1681682133333333.0,0.98
0.06999999999999999,0.85,0.43,1,-2314382933333332.5,0.98
0.06999999999999999,0.85,0.45999999999999996,1,-2851102933333332.5,0.98
0.06999999999999999,0.85,0.49,1,-3291842133333329.0,0.98
0.06999999999999999,0.85,0.52,1,-3636600533333337.5,0.98
0.06999999999999999,0.85,0.55,1,-3885378133333325.5,0.98
0.06999999999999999,0.85,0.58,1,-4038174933333339.5,0.98
0.06999999999999999,0.85,0.61,1,-4094990933333339.0,0.98
0.06999999999999999,0.85,0.64,1,-4055826133333336.0,0.98
0.06999999999999999,0.85,0.6699999999999999,1,-3920680533333339.5,0.98
0.06999999999999999,0.85,0.7,1,-3689554133333331.5,0.98
0.06999999999999999,0.85,0.73,1,-3362446933333336.0,0.98
0.06999999999999999,0.85,0.76,1,-2939358933333320.0,0.98
0.06999999999999999,0.88,0.33999999999999997,1,-129474133333335.27,0.98
0.06999999999999999,0.88,0.37,1,-954136533333341.4,0.98
0.06999999999999999,0.88,0.4,1,-1682818133333334.5,0.98
0.06999999999999999,0.88,0.43,1,-2315518933333330.0,0.98
0.06999999999999999,0.88,0.45999999999999996,1,-2852238933333330.0,0.98
0.06999999999999999,0.88,0.49,1,-3292978133333326.0,0.98
0.06999999999999999,0.88,0.52,1,-3637736533333334.5,0.98
0.06999999999999999,0.88,0.55,1,-3886514133333322.5,0.98
0.06999999999999999,0.88,0.58,1,-4039310933333336.5,0.98
0.06999999999999999,0.88,0.61,1,-4096126933333336.0,0.98
0.06999999999999999,0.88,0.64,1,-4056962133333333.0,0.98
0.06999999999999999,0.88,0.6699999999999999,1,-3921816533333336.5,0.98
0.06999999999999999,0.88,0.7,1,-3690690133333328.5,0.98
0.06999999999999999,0.88,0.73,1,-3363582933333333.0,0.98
0.06999999999999999,0.88,0.76,1,-2940494933333317.0,0.98
0.06999999999999999,0.88,0.79,1,-2421426133333346.0,0.98
0.06999999999999999,0.9099999999999999,0.33999999999999997,1,-130667733333334.66,0.98
0.06999999999999999,0.9099999999999999,0.37,1,-955330133333340.8,0.98
0.06999999999999999,0.9099999999999999,0.4,1,-1684011733333334.0,0.98
0.06999999999999999,0.9099999999999999,0.43,1,-2316712533333332.0,0.98
0.06999999999999999,0.9099999999999999,0.45999999999999996,1,-2853432533333332.0,0.98
0.06999999999999999,0.9099999999999999,0.49,1,-3294171733333328.5,0.98
0.06999999999999999,0.9099999999999999,0.52,1,-3638930133333337.0,0.98
0.06999999999999999,0.9099999999999999,0.55,1,-3887707733333325.0,0.98
0.06999999999999999,0.9099999999999999,0.58,1,-4040504533333339.0,0.98
0.06999999999999999,0.9099999999999999,0.61,1,-4097320533333338.5,0.98
0.06999999999999999,0.9099999999999999,0.64,1,-4058155733333335.5,0.98
0.06999999999999999,0.9099999999999999,0.6699999999999999,1,-3923010133333339.0,0.98
0.06999999999999999,0.9099999999999999,0.7,1,-3691883733333331.0,0.98
0.06999999999999999,0.9099999999999999,0.73,1,-3364776533333335.5,0.98
0.06999999999999999,0.9099999999999999,0.76,1,-2941688533333319.5,0.98
0.06999999999999999,0.9099999999999999,0.79,1,-2422619733333348.5,0.98
0.06999999999999999,0.9099999999999999,0.82,1,-1807570133333345.5,0.98
0.06999999999999999,0.94,0.33999999999999997,1,-131918933333334.81,0.98
0.06999999999999999,0.94,0.37,1,-956581333333340.9,0.98
0.06999999999999999,0.94,0.4,1,-1685262933333334.0,0.98
0.06999999999999999,0.94,0.43,1,-2317963733333331.0,0.98
0.06999999999999999,0.94,0.45999999999999996,1,-2854683733333331.0,0.98
0.06999999999999999,0.94,0.49,1,-3295422933333327.0,0.98
0.06999999999999999,0.94,0.52,1,-3640181333333335.5,0.98
0.06999999999999999,0.94,0.55,1,-3888958933333323.5,0.98
0.06999999999999999,0.94,0.58,1,-4041755733333337.5,0.98
0.06999999999999999,0.94,0.61,1,-4098571733333337.0,0.98
0.06999999999999999,0.94,0.64,1,-4059406933333334.0,0.98
0.06999999999999999,0.94,0.6699999999999999,1,-3924261333333337.5,0.98
0.06999999999999999,0.94,0.7,1,-3693134933333329.5,0.98
0.06999999999999999,0.94,0.73,1,-3366027733333334.0,0.98
0.06999999999999999,0.94,0.76,1,-2942939733333318.0,0.98
0.06999999999999999,0.94,0.79,1,-2423870933333347.0,0.98
0.06999999999999999,0.94,0.82,1,-1808821333333344.2,0.98
0.06999999999999999,0.94,0.85,1,-1097790933333341.6,0.98
0.06999999999999999,0.97,0.33999999999999997,1,-133227733333335.73,0.98
0.06999999999999999,0.97,0.37,1,-957890133333341.8,0.98
0.06999999999999999,0.97,0.4,1,-1686571733333335.0,0.98
0.06999999999999999,0.97,0.43,1,-2319272533333329.0,0.98
0.06999999999999999,0.97,0.45999999999999996,1,-2855992533333329.0,0.98
0.06999999999999999,0.97,0.49,1,-3296731733333325.0,0.98
0.06999999999999999,0.97,0.52,1,-3641490133333333.5,0.98
0.06999999999999999,0.97,0.55,1,-3890267733333321.5,0.98
0.06999999999999999,0.97,0.58,1,-4043064533333335.5,0.98
0.06999999999999999,0.97,0.61,1,-4099880533333335.0,0.98
0.06999999999999999,0.97,0.64,1,-4060715733333332.0,0.98
0.06999999999999999,0.97,0.6699999999999999,1,-3925570133333335.5,0.98
0.06999999999999999,0.97,0.7,1,-3694443733333327.5,0.98
0.06999999999999999,0.97,0.73,1,-3367336533333332.0,0.98
0.06999999999999999,0.97,0.76,1,-2944248533333316.0,0.98
0.06999999999999999,0.97,0.79,1,-2425179733333345.0,0.98
0.06999999999999999,0.97,0.82,1,-1810130133333342.2,0.98
0.06999999999999999,0.97,0.85,1,-1099099733333339.5,0.98
0.06999999999999999,0.97,0.88,1,-292088533333307.8,0.98
0.09999999999999999,0.4,0.28,1,-596078933333337.5,0.98
0.09999999999999999,0.43,0.28,1,-596331733333337.6,0.98
0.09999999999999999,0.43,0.31,1,-1424776533333337.2,0.98
0.09999999999999999,0.45999999999999996,0.28,1,-596642133333337.9,0.98
0.09999999999999999,0.45999999999999996,0.31,1,-1425086933333336.5,0.98
0.09999999999999999,0.45999999999999996,0.33999999999999997,1,-2157550933333326.2,0.98
0.09999999999999999,0.49,0.28,1,-597010133333338.0,0.98
0.09999999999999999,0.49,0.31,1,-1425454933333336.8,0.98
0.09999999999999999,0.49,0.33999999999999997,1,-2157918933333326.5,0.98
0.09999999999999999,0.49,0.37,1,-2794402133333332.0,0.98
0.09999999999999999,0.52,0.28,1,-597435733333337.6,0.98
0.09999999999999999,0.52,0.31,1,-1425880533333337.8,0.98
0.09999999999999999,0.52,0.33999999999999997,1,-2158344533333327.5,0.98
0.09999999999999999,0.52,0.37,1,-2794827733333333.0,0.98
0.09999999999999999,0.52,0.4,1,-3335330133333331.5,0.98
0.09999999999999999,0.55,0.28,1,-597918933333337.9,0.98
0.09999999999999999,0.55,0.31,1,-1426363733333336.8,0.98
0.09999999999999999,0.55,0.33999999999999997,1,-2158827733333326.2,0.98
0.09999999999999999,0.55,0.37,1,-2795310933333332.0,0.98
0.09999999999999999,0.55,0.4,1,-3335813333333330.5,0.98
0.09999999999999999,0.55,0.43,1,-3780334933333326.5,0.98
0.09999999999999999,0.58,0.28,1,-598459733333337.4,0.98
0.09999999999999999,0.58,0.31,1,-1426904533333337.8,0.98
0.09999999999999999,0.58,0.33999999999999997,1,-2159368533333327.2,0.98
0.09999999999999999,0.58,0.37,1,-2795851733333333.0,0.98
0.09999999999999999,0.58,0.4,1,-3336354133333331.5,0.98
0.09999999999999999,0.58,0.43,1,-3780875733333326.0,0.98
0.09999999999999999,0.58,0.45999999999999996,1,-4129416533333326.0,0.98
0.09999999999999999,0.61,0.28,1,-599058133333337.0,0.98
0.09999999999999999,0.61,0.31,1,-1427502933333336.5,0.98
0.09999999999999999,0.61,0.33999999999999997,1,-2159966933333326.2,0.98
0.09999999999999999,0.61,0.37,1,-2796450133333332.0,0.98
0.09999999999999999,0.61,0.4,1,-3336952533333330.0,0.98
0.09999999999999999,0.61,0.43,1,-3781474133333328.0,0.98
0.09999999999999999,0.61,0.45999999999999996,1,-4130014933333327.5,0.98
0.09999999999999999,0.61,0.49,1,-4382574933333335.0,0.98
0.09999999999999999,0.64,0.28,1,-599714133333338.1,0.98
0.09999999999999999,0.64,0.31,1,-1428158933333336.2,0.98
0.09999999999999999,0.64,0.33999999999999997,1,-2160622933333325.8,0.98
0.09999999999999999,0.64,0.37,1,-2797106133333331.5,0.98
0.09999999999999999,0.64,0.4,1,-3337608533333330.0,0.98
0.09999999999999999,0.64,0.43,1,-3782130133333329.0,0.98
0.09999999999999999,0.64,0.45999999999999996,1,-4130670933333328.5,0.98
0.09999999999999999,0.64,0.49,1,-4383230933333336.5,0.98
0.09999999999999999,0.64,0.52,1,-4539810133333327.0,0.98
0.09999999999999999,0.6699999999999999,0.28,1,-600427733333337.8,0.98
0.09999999999999999,0.6699999999999999,0.31,1,-1428872533333336.5,0.98
0.09999999999999999,0.6699999999999999,0.33999999999999997,1,-2161336533333326.2,0.98
0.09999999999999999,0.6699999999999999,0.37,1,-2797819733333332.0,0.98
0.09999999999999999,0.6699999999999999,0.4,1,-3338322133333330.0,0.98
0.09999999999999999,0.6699999999999999,0.43,1,-3782843733333329.5,0.98
0.09999999999999999,0.6699999999999999,0.45999999999999996,1,-4131384533333329.0,0.98
0.09999999999999999,0.6699999999999999,0.49,1,-4383944533333336.5,0.98
0.09999999999999999,0.6699999999999999,0.52,1,-4540523733333327.0,0.98
0.09999999999999999,0.6699999999999999,0.55,1,-4601122133333338.0,0.98
0.09999999999999999,0.7,0.28,1,-601198933333337.4,0.98
0.09999999999999999,0.7,0.31,1,-1429643733333336.2,0.98
0.09999999999999999,0.7,0.33999999999999997,1,-2162107733333325.8,0.98
0.09999999999999999,0.7,0.37,1,-2798590933333331.5,0.98
0.09999999999999999,0.7,0.4,1,-3339093333333330.0,0.98
0.09999999999999999,0.7,0.43,1,-3783614933333329.0,0.98
0.09999999999999999,0.7,0.45999999999999996,1,-4132155733333329.0,0.98
0.09999999999999999,0.7,0.49,1,-4384715733333336.5,0.98
0.09999999999999999,0.7,0.52,1,-4541294933333327.0,0.98
0.09999999999999999,0.7,0.55,1,-4601893333333338.0,0.98
0.09999999999999999,0.7,0.58,1,-4566510933333346.0,0.98
0.09999999999999999,0.73,0.28,1,-602027733333337.9,0.98
0.09999999999999999,0.73,0.31,1,-1430472533333338.2,0.98
0.09999999999999999,0.73,0.33999999999999997,1,-2162936533333327.8,0.98
0.09999999999999999,0.73,0.37,1,-2799419733333333.5,0.98
0.09999999999999999,0.73,0.4,1,-3339922133333332.0,0.98
0.09999999999999999,0.73,0.43,1,-3784443733333328.0,0.98
0.09999999999999999,0.73,0.45999999999999996,1,-4132984533333327.5,0.98
0.09999999999999999,0.73,0.49,1,-4385544533333335.5,0.98
0.09999999999999999,0.73,0.52,1,-4542123733333326.0,0.98
0.09999999999999999,0.73,0.55,1,-4602722133333337.0,0.98
0.09999999999999999,0.73,0.58,1,-4567339733333345.0,0.98
0.09999999999999999,0.73,0.61,1,-4435976533333326.0,0.98
0.09999999999999999,0.76,0.28,1,-602914133333337.6,0.98
0.09999999999999999,0.76,0.31,1,-1431358933333336.5,0.98
0.09999999999999999,0.76,0.33999999999999997,1,-2163822933333326.0,0.98
0.09999999999999999,0.76,0.37,1,-2800306133333331.5,0.98
0.09999999999999999,0.76,0.4,1,-3340808533333330.0,0.98
0.09999999999999999,0.76,0.43,1,-3785330133333329.5,0.98
0.09999999999999999,0.76,0.45999999999999996,1,-4133870933333329.0,0.98
0.09999999999999999,0.76,0.49,1,-4386430933333336.5,0.98
0.09999999999999999,0.76,0.52,1,-4543010133333327.0,0.98
0.09999999999999999,0.76,0.55,1,-4603608533333338.0,0.98
0.09999999999999999,0.76,0.58,1,-4568226133333346.0,0.98
0.09999999999999999,0.76,0.61,1,-4436862933333327.0,0.98
0.09999999999999999,0.76,0.64,1,-4209518933333329.5,0.98
0.09999999999999999,0.79,0.28,1,-603858133333337.4,0.98
0.09999999999999999,0.79,0.31,1,-1432302933333338.2,0.98
0.09999999999999999,0.79,0.33999999999999997,1,-2164766933333328.0,0.98
0.09999999999999999,0.79,0.37,1,-2801250133333333.5,0.98
0.09999999999999999,0.79,0.4,1,-3341752533333332.0,0.98
0.09999999999999999,0.79,0.43,1,-3786274133333330.0,0.98
0.09999999999999999,0.79,0.45999999999999996,1,-4134814933333329.5,0.98
0.09999999999999999,0.79,0.49,1,-4387374933333337.0,0.98
0.09999999999999999,0.79,0.52,1,-4543954133333327.0,0.98
0.09999999999999999,0.79,0.55,1,-4604552533333339.0,0.98
0.09999999999999999,0.79,0.58,1,-4569170133333346.0,0.98
0.09999999999999999,0.79,0.61,1,-4437806933333327.5,0.98
0.09999999999999999,0.79,0.64,1,-4210462933333330.0,0.98
0.09999999999999999,0.79,0.6699999999999999,1,-3887138133333327.5,0.98
0.09999999999999999,0.82,0.28,1,-604859733333337.1,0.98
0.09999999999999999,0.82,0.31,1,-1433304533333338.2,0.98
0.09999999999999999,0.82,0.33999999999999997,1,-2165768533333327.8,0.98
0.09999999999999999,0.82,0.37,1,-2802251733333333.5,0.98
0.09999999999999999,0.82,0.4,1,-3342754133333332.0,0.98
0.09999999999999999,0.82,0.43,1,-3787275733333326.5,0.98
0.09999999999999999,0.82,0.45999999999999996,1,-4135816533333326.5,0.98
0.09999999999999999,0.82,0.49,1,-4388376533333334.0,0.98
0.09999999999999999,0.82,0.52,1,-4544955733333324.0,0.98
0.09999999999999999,0.82,0.55,1,-4605554133333336.0,0.98
0.09999999999999999,0.82,0.58,1,-4570171733333343.0,0.98
0.09999999999999999,0.82,0.61,1,-4438808533333324.5,0.98
0.09999999999999999,0.82,0.64,1,-4211464533333327.0,0.98
0.09999999999999999,0.82,0.6699999999999999,1,-3888139733333324.0,0.98
0.09999999999999999,0.82,0.7,1,-3468834133333339.5,0.98
0.09999999999999999,0.85,0.28,1,-605918933333337.8,0.98
0.09999999999999999,0.85,0.31,1,-1434363733333337.2,0.98
0.09999999999999999,0.85,0.33999999999999997,1,-2166827733333326.8,0.98
0.09999999999999999,0.85,0.37,1,-2803310933333332.5,0.98
0.09999999999999999,0.85,0.4,1,-3343813333333331.0,0.98
0.09999999999999999,0.85,0.43,1,-3788334933333328.5,0.98
0.09999999999999999,0.85,0.45999999999999996,1,-4136875733333328.5,0.98
0.09999999999999999,0.85,0.49,1,-4389435733333336.0,0.98
0.09999999999999999,0.85,0.52,1,-4546014933333326.0,0.98
0.09999999999999999,0.85,0.55,1,-4606613333333338.0,0.98
0.09999999999999999,0.85,0.58,1,-4571230933333345.0,0.98
0.09999999999999999,0.85,0.61,1,-4439867733333326.5,0.98
0.09999999999999999,0.85,0.64,1,-4212523733333329.0,0.98
0.09999999999999999,0.85,0.6699999999999999,1,-3889198933333326.0,0.98
0.09999999999999999,0.85,0.7,1,-3469893333333341.5,0.98
0.09999999999999999,0.85,0.73,1,-2954606933333322.0,0.98
0.09999999999999999,0.88,0.28,1,-607035733333337.5,0.98
0.09999999999999999,0.88,0.31,1,-1435480533333337.0,0.98
0.09999999999999999,0.88,0.33999999999999997,1,-2167944533333326.8,0.98
0.09999999999999999,0.88,0.37,1,-2804427733333332.5,0.98
0.09999999999999999,0.88,0.4,1,-3344930133333330.5,0.98
0.09999999999999999,0.88,0.43,1,-3789451733333330.0,0.98
0.09999999999999999,0.88,0.45999999999999996,1,-4137992533333329.5,0.98
0.09999999999999999,0.88,0.49,1,-4390552533333337.0,0.98
0.09999999999999999,0.88,0.52,1,-4547131733333327.0,0.98
0.09999999999999999,0.88,0.55,1,-4607730133333339.0,0.98
0.09999999999999999,0.88,0.58,1,-4572347733333346.0,0.98
0.09999999999999999,0.88,0.61,1,-4440984533333328.0,0.98
0.09999999999999999,0.88,0.64,1,-4213640533333330.5,0.98
0.09999999999999999,0.88,0.6699999999999999,1,-3890315733333327.5,0.98
0.09999999999999999,0.88,0.7,1,-3471010133333343.0,0.98
0.09999999999999999,0.88,0.73,1,-2955723733333323.5,0.98
0.09999999999999999,0.88,0.76,1,-2344456533333343.0,0.98
0.09999999999999999,0.9099999999999999,0.28,1,-608210133333337.4,0.98
0.09999999999999999,0.9099999999999999,0.31,1,-1436654933333337.8,0.98
0.09999999999999999,0.9099999999999999,0.33999999999999997,1,-2169118933333327.2,0.98
0.09999999999999999,0.9099999999999999,0.37,1,-2805602133333333.0,0.98
0.09999999999999999,0.9099999999999999,0.4,1,-3346104533333331.5,0.98
0.09999999999999999,0.9099999999999999,0.43,1,-3790626133333327.5,0.98
0.09999999999999999,0.9099999999999999,0.45999999999999996,1,-4139166933333327.5,0.98
0.09999999999999999,0.9099999999999999,0.49,1,-4391726933333335.0,0.98
0.09999999999999999,0.9099999999999999,0.52,1,-4548306133333325.0,0.98
0.09999999999999999,0.9099999999999999,0.55,1,-4608904533333337.0,0.98
0.09999999999999999,0.9099999999999999,0.58,1,-4573522133333344.0,0.98
0.09999999999999999,0.9099999999999999,0.61,1,-4442158933333325.5,0.98
0.09999999999999999,0.9099999999999999,0.64,1,-4214814933333328.0,0.98
0.09999999999999999,0.9099999999999999,0.6699999999999999,1,-3891490133333325.0,0.98
0.09999999999999999,0.9099999999999999,0.7,1,-3472184533333340.5,0.98
0.09999999999999999,0.9099999999999999,0.73,1,-2956898133333321.0,0.98
0.09999999999999999,0.9099999999999999,0.76,1,-2345630933333340.5,0.98
0.09999999999999999,0.9099999999999999,0.79,1,-1638382933333327.5,0.98
0.09999999999999999,0.94,0.28,1,-609442133333338.0,0.98
0.09999999999999999,0.94,0.31,1,-1437886933333336.0,0.98
0.09999999999999999,0.94,0.33999999999999997,1,-2170350933333325.8,0.98
0.09999999999999999,0.94,0.37,1,-2806834133333331.5,0.98
0.09999999999999999,0.94,0.4,1,-3347336533333330.0,0.98
0.09999999999999999,0.94,0.43,1,-3791858133333330.5,0.98
0.09999999999999999,0.94,0.45999999999999996,1,-4140398933333330.0,0.98
0.09999999999999999,0.94,0.49,1,-4392958933333337.5,0.98
0.09999999999999999,0.94,0.52,1,-4549538133333328.0,0.98
0.09999999999999999,0.94,0.55,1,-4610136533333339.0,0.98
0.09999999999999999,0.94,0.58,1,-4574754133333347.0,0.98
0.09999999999999999,0.94,0.61,1,-4443390933333328.5,0.98
0.09999999999999999,0.94,0.64,1,-4216046933333331.0,0.98
0.09999999999999999,0.94,0.6699999999999999,1,-3892722133333328.0,0.98
0.09999999999999999,0.94,0.7,1,-3473416533333343.5,0.98
0.09999999999999999,0.94,0.73,1,-2958130133333324.0,0.98
0.09999999999999999,0.94,0.76,1,-2346862933333343.5,0.98
0.09999999999999999,0.94,0.79,1,-1639614933333330.5,0.98
0.09999999999999999,0.94,0.82,1,-836386133333338.8,0.98
0.09999999999999999,0.97,0.28,1,-610731733333337.2,0.98
0.09999999999999999,0.97,0.31,1,-1439176533333338.2,0.98
0.09999999999999999,0.97,0.33999999999999997,1,-2171640533333328.0,0.98
0.09999999999999999,0.97,0.37,1,-2808123733333333.5,0.98
0.09999999999999999,0.97,0.4,1,-3348626133333332.0,0.98
0.09999999999999999,0.97,0.43,1,-3793147733333326.5,0.98
0.09999999999999999,0.97,0.45999999999999996,1,-4141688533333326.5,0.98
0.09999999999999999,0.97,0.49,1,-4394248533333334.0,0.98
0.09999999999999999,0.97,0.52,1,-4550827733333324.0,0.98
0.09999999999999999,0.97,0.55,1,-4611426133333336.0,0.98
0.09999999999999999,0.97,0.58,1,-4576043733333343.0,0.98
0.09999999999999999,0.97,0.61,1,-4444680533333324.5,0.98
0.09999999999999999,0.97,0.64,1,-4217336533333327.0,0.98
0.09999999999999999,0.97,0.6699999999999999,1,-3894011733333324.0,0.98
0.09999999999999999,0.97,0.7,1,-3474706133333339.5,0.98
0.09999999999999999,0.97,0.73,1,-2959419733333320.0,0.98
0.09999999999999999,0.97,0.76,1,-2348152533333339.5,0.98
0.09999999999999999,0.97,0.79,1,-1640904533333326.8,0.98
0.09999999999999999,0.97,0.82,1,-837675733333335.0,0.98
0.13,0.33999999999999997,0.19,1,-326040533333331.3,0.98
0.13,0.37,0.19,1,-326158933333331.4,0.98
0.13,0.37,0.22,1,-1254366933333323.2,0.98
0.13,0.4,0.19,1,-326334933333331.44,0.98
0.13,0.4,0.22,1,-1254542933333323.5,0.98
0.13,0.4,0.25,1,-2086770133333338.5,0.98
0.13,0.43,0.19,1,-326568533333331.4,0.98
0.13,0.43,0.22,1,-1254776533333323.2,0.98
0.13,0.43,0.25,1,-2087003733333339.2,0.98
0.13,0.43,0.28,1,-2823250133333327.0,0.98
0.13,0.45999999999999996,0.19,1,-326859733333331.5,0.98
0.13,0.45999999999999996,0.22,1,-1255067733333323.8,0.98
0.13,0.45999999999999996,0.25,1,-2087294933333338.5,0.98
0.13,0.45999999999999996,0.28,1,-2823541333333327.5,0.98
0.13,0.45999999999999996,0.31,1,-3463806933333339.0,0.98
0.13,0.49,0.19,1,-327208533333331.44,0.98
0.13,0.49,0.22,1,-1255416533333323.2,0.98
0.13,0.49,0.25,1,-2087643733333339.2,0.98
0.13,0.49,0.28,1,-2823890133333327.5,0.98
0.13,0.49,0.31,1,-3464155733333339.0,0.98
0.13,0.49,0.33999999999999997,1,-4008440533333328.0,0.98
0.13,0.52,0.19,1,-327614933333331.44,0.98
0.13,0.52,0.22,1,-1255822933333323.5,0.98
0.13,0.52,0.25,1,-2088050133333339.2,0.98
0.13,0.52,0.28,1,-2824296533333328.0,0.98
0.13,0.52,0.31,1,-3464562133333339.5,0.98
0.13,0.52,0.33999999999999997,1,-4008846933333328.5,0.98
0.13,0.52,0.37,1,-4457150933333337.0,0.98
0.13,0.55,0.19,1,-328078933333331.44,0.98
0.13,0.55,0.22,1,-1256286933333323.8,0.98
0.13,0.55,0.25,1,-2088514133333338.5,0.98
0.13,0.55,0.28,1,-2824760533333328.0,0.98
0.13,0.55,0.31,1,-3465026133333339.5,0.98
0.13,0.55,0.33999999999999997,1,-4009310933333328.5,0.98
0.13,0.55,0.37,1,-4457614933333337.0,0.98
0.13,0.55,0.4,1,-4809938133333326.0,0.98
0.13,0.58,0.19,1,-328600533333331.5,0.98
0.13,0.58,0.22,1,-1256808533333323.8,0.98
0.13,0.58,0.25,1,-2089035733333338.5,0.98
0.13,0.58,0.28,1,-2825282133333327.5,0.98
0.13,0.58,0.31,1,-3465547733333339.0,0.98
0.13,0.58,0.33999999999999997,1,-4009832533333328.0,0.98
0.13,0.58,0.37,1,-4458136533333336.5,0.98
0.13,0.58,0.4,1,-4810459733333327.0,0.98
0.13,0.58,0.43,1,-5066802133333336.0,0.98
0.13,0.61,0.19,1,-329179733333331.4,0.98
0.13,0.61,0.22,1,-1257387733333323.8,0.98
0.13,0.61,0.25,1,-2089614933333338.5,0.98
0.13,0.61,0.28,1,-2825861333333327.5,0.98
0.13,0.61,0.31,1,-3466126933333339.0,0.98
0.13,0.61,0.33999999999999997,1,-4010411733333328.0,0.98
0.13,0.61,0.37,1,-4458715733333336.5,0.98
0.13,0.61,0.4,1,-4811038933333327.0,0.98
0.13,0.61,0.43,1,-5067381333333336.0,0.98
0.13,0.61,0.45999999999999996,1,-5227742933333336.0,0.98
0.13,0.64,0.19,1,-329816533333331.5,0.98
0.13,0.64,0.22,1,-1258024533333323.5,0.98
0.13,0.64,0.25,1,-2090251733333338.8,0.98
0.13,0.64,0.28,1,-2826498133333327.0,0.98
0.13,0.64,0.31,1,-3466763733333338.5,0.98
0.13,0.64,0.33999999999999997,1,-4011048533333327.5,0.98
0.13,0.64,0.37,1,-4459352533333335.5,0.98
0.13,0.64,0.4,1,-4811675733333330.0,0.98
0.13,0.64,0.43,1,-5068018133333339.0,0.98
0.13,0.64,0.45999999999999996,1,-5228379733333338.0,0.98
0.13,0.64,0.49,1,-5292760533333327.0,0.98
0.13,0.6699999999999999,0.19,1,-330510933333331.44,0.98
0.13,0.6699999999999999,0.22,1,-1258718933333323.2,0.98
0.13,0.6699999999999999,0.25,1,-2090946133333338.8,0.98
0.13,0.6699999999999999,0.28,1,-2827192533333327.0,0.98
0.13,0.6699999999999999,0.31,1,-3467458133333338.5,0.98
0.13,0.6699999999999999,0.33999999999999997,1,-4011742933333327.5,0.98
0.13,0.6699999999999999,0.37,1,-4460046933333336.0,0.98
0.13,0.6699999999999999,0.4,1,-4812370133333328.0,0.98
0.13,0.6699999999999999,0.43,1,-5068712533333337.0,0.98
0.13,0.6699999999999999,0.45999999999999996,1,-5229074133333337.0,0.98
0.13,0.6699999999999999,0.49,1,-5293454933333326.0,0.98
0.13,0.6699999999999999,0.52,1,-5261854933333340.0,0.98
0.13,0.7,0.19,1,-331262933333331.44,0.98
0.13,0.7,0.22,1,-1259470933333323.5,0.98
0.13,0.7,0.25,1,-2091698133333339.0,0.98
0.13,0.7,0.28,1,-2827944533333326.5,0.98
0.13,0.7,0.31,1,-3468210133333338.0,0.98
0.13,0.7,0.33999999999999997,1,-4012494933333327.0,0.98
0.13,0.7,0.37,1,-4460798933333335.0,0.98
0.13,0.7,0.4,1,-4813122133333329.0,0.98
0.13,0.7,0.43,1,-5069464533333338.0,0.98
0.13,0.7,0.45999999999999996,1,-5229826133333338.0,0.98
0.13,0.7,0.49,1,-5294206933333327.0,0.98
0.13,0.7,0.52,1,-5262606933333341.0,0.98
0.13,0.7,0.55,1,-5135026133333322.0,0.98
0.13,0.73,0.19,1,-332072533333331.44,0.98
0.13,0.73,0.22,1,-1260280533333323.5,0.98
0.13,0.73,0.25,1,-2092507733333338.5,0.98
0.13,0.73,0.28,1,-2828754133333328.0,0.98
0.13,0.73,0.31,1,-3469019733333339.5,0.98
0.13,0.73,0.33999999999999997,1,-4013304533333328.5,0.98
0.13,0.73,0.37,1,-4461608533333337.0,0.98
0.13,0.73,0.4,1,-4813931733333329.0,0.98
0.13,0.73,0.43,1,-5070274133333338.0,0.98
0.13,0.73,0.45999999999999996,1,-5230635733333338.0,0.98
0.13,0.73,0.49,1,-5295016533333327.0,0.98
0.13,0.73,0.52,1,-5263416533333341.0,0.98
0.13,0.73,0.55,1,-5135835733333322.0,0.98
0.13,0.73,0.58,1,-4912274133333335.0,0.98
0.13,0.76,0.19,1,-332939733333331.44,0.98
0.13,0.76,0.22,1,-1261147733333323.5,0.98
0.13,0.76,0.25,1,-2093374933333339.2,0.98
0.13,0.76,0.28,1,-2829621333333327.5,0.98
0.13,0.76,0.31,1,-3469886933333339.0,0.98
0.13,0.76,0.33999999999999997,1,-4014171733333328.0,0.98
0.13,0.76,0.37,1,-4462475733333336.5,0.98
0.13,0.76,0.4,1,-4814798933333329.0,0.98
0.13,0.76,0.43,1,-5071141333333338.0,0.98
0.13,0.76,0.45999999999999996,1,-5231502933333337.0,0.98
0.13,0.76,0.49,1,-5295883733333327.0,0.98
0.13,0.76,0.52,1,-5264283733333340.0,0.98
0.13,0.76,0.55,1,-5136702933333322.0,0.98
0.13,0.76,0.58,1,-4913141333333335.0,0.98
0.13,0.76,0.61,1,-4593598933333321.0,0.98
0.13,0.79,0.19,1,-333864533333331.5,0.98
0.13,0.79,0.22,1,-1262072533333323.8,0.98
0.13,0.79,0.25,1,-2094299733333338.2,0.98
0.13,0.79,0.28,1,-2830546133333328.0,0.98
0.13,0.79,0.31,1,-3470811733333339.0,0.98
0.13,0.79,0.33999999999999997,1,-4015096533333328.5,0.98
0.13,0.79,0.37,1,-4463400533333336.5,0.98
0.13,0.79,0.4,1,-4815723733333331.0,0.98
0.13,0.79,0.43,1,-5072066133333340.0,0.98
0.13,0.79,0.45999999999999996,1,-5232427733333339.0,0.98
0.13,0.79,0.49,1,-5296808533333328.0,0.98
0.13,0.79,0.52,1,-5265208533333342.0,0.98
0.13,0.79,0.55,1,-5137627733333323.0,0.98
0.13,0.79,0.58,1,-4914066133333336.0,0.98
0.13,0.79,0.61,1,-4594523733333323.0,0.98
0.13,0.79,0.64,1,-4179000533333343.0,0.98
0.13,0.82,0.19,1,-334846933333331.44,0.98
0.13,0.82,0.22,1,-1263054933333323.5,0.98
0.13,0.82,0.25,1,-2095282133333338.5,0.98
0.13,0.82,0.28,1,-2831528533333329.0,0.98
0.13,0.82,0.31,1,-3471794133333340.0,0.98
0.13,0.82,0.33999999999999997,1,-4016078933333329.5,0.98
0.13,0.82,0.37,1,-4464382933333337.5,0.98
0.13,0.82,0.4,1,-4816706133333329.0,0.98
0.13,0.82,0.43,1,-5073048533333338.0,0.98
0.13,0.82,0.45999999999999996,1,-5233410133333337.0,0.98
0.13,0.82,0.49,1,-5297790933333326.0,0.98
0.13,0.82,0.52,1,-5266190933333340.0,0.98
0.13,0.82,0.55,1,-5138610133333321.0,0.98
0.13,0.82,0.58,1,-4915048533333334.0,0.98
0.13,0.82,0.61,1,-4595506133333321.0,0.98
0.13,0.82,0.64,1,-4179982933333341.0,0.98
0.13,0.82,0.6699999999999999,1,-3668478933333338.0,0.98
0.13,0.85,0.19,1,-335886933333331.5,0.98
0.13,0.85,0.22,1,-1264094933333323.5,0.98
0.13,0.85,0.25,1,-2096322133333338.8,0.98
0.13,0.85,0.28,1,-2832568533333327.5,0.98
0.13,0.85,0.31,1,-3472834133333339.0,0.98
0.13,0.85,0.33999999999999997,1,-4017118933333328.5,0.98
0.13,0.85,0.37,1,-4465422933333336.5,0.98
0.13,0.85,0.4,1,-4817746133333329.0,0.98
0.13,0.85,0.43,1,-5074088533333338.0,0.98
0.13,0.85,0.45999999999999996,1,-5234450133333337.0,0.98
0.13,0.85,0.49,1,-5298830933333327.0,0.98
0.13,0.85,0.52,1,-5267230933333340.0,0.98
0.13,0.85,0.55,1,-5139650133333322.0,0.98
0.13,0.85,0.58,1,-4916088533333335.0,0.98
0.13,0.85,0.61,1,-4596546133333322.0,0.98
0.13,0.85,0.64,1,-4181022933333341.5,0.98
0.13,0.85,0.6699999999999999,1,-3669518933333338.0,0.98
0.13,0.85,0.7,1,-3062034133333329.0,0.98
0.13,0.88,0.19,1,-336984533333331.5,0.98
0.13,0.88,0.22,1,-1265192533333323.5,0.98
0.13,0.88,0.25,1,-2097419733333338.2,0.98
0.13,0.88,0.28,1,-2833666133333329.0,0.98
0.13,0.88,0.31,1,-3473931733333340.0,0.98
0.13,0.88,0.33999999999999997,1,-4018216533333329.5,0.98
0.13,0.88,0.37,1,-4466520533333337.5,0.98
0.13,0.88,0.4,1,-4818843733333328.0,0.98
0.13,0.88,0.43,1,-5075186133333338.0,0.98
0.13,0.88,0.45999999999999996,1,-5235547733333337.0,0.98
0.13,0.88,0.49,1,-5299928533333326.0,0.98
0.13,0.88,0.52,1,-5268328533333340.0,0.98
0.13,0.88,0.55,1,-5140747733333321.0,0.98
0.13,0.88,0.58,1,-4917186133333334.0,0.98
0.13,0.88,0.61,1,-4597643733333321.0,0.98
0.13,0.88,0.64,1,-4182120533333341.0,0.98
0.13,0.88,0.6699999999999999,1,-3670616533333337.5,0.98
0.13,0.88,0.7,1,-3063131733333328.5,0.98
0.13,0.88,0.73,1,-2359666133333344.0,0.98
0.13,0.9099999999999999,0.19,1,-338139733333331.44,0.98
0.13,0.9099999999999999,0.22,1,-1266347733333323.5,0.98
0.13,0.9099999999999999,0.25,1,-2098574933333338.8,0.98
0.13,0.9099999999999999,0.28,1,-2834821333333327.5,0.98
0.13,0.9099999999999999,0.31,1,-3475086933333339.0,0.98
0.13,0.9099999999999999,0.33999999999999997,1,-4019371733333328.0,0.98
0.13,0.9099999999999999,0.37,1,-4467675733333336.5,0.98
0.13,0.9099999999999999,0.4,1,-4819998933333330.0,0.98
0.13,0.9099999999999999,0.43,1,-5076341333333339.0,0.98
0.13,0.9099999999999999,0.45999999999999996,1,-5236702933333339.0,0.98
0.13,0.9099999999999999,0.49,1,-5301083733333328.0,0.98
0.13,0.9099999999999999,0.52,1,-5269483733333342.0,0.98
0.13,0.9099999999999999,0.55,1,-5141902933333323.0,0.98
0.13,0.9099999999999999,0.58,1,-4918341333333336.0,0.98
0.13,0.9099999999999999,0.61,1,-4598798933333323.0,0.98
0.13,0.9099999999999999,0.64,1,-4183275733333343.0,0.98
0.13,0.9099999999999999,0.6699999999999999,1,-3671771733333339.5,0.98
0.13,0.9099999999999999,0.7,1,-3064286933333330.5,0.98
0.13,0.9099999999999999,0.73,1,-2360821333333346.0,0.98
0.13,0.9099999999999999,0.76,1,-1561374933333323.5,0.98
0.13,0.94,0.19,1,-339352533333331.5,0.98
0.13,0.94,0.22,1,-1267560533333323.5,0.98
0.13,0.94,0.25,1,-2099787733333339.0,0.98
0.13,0.94,0.28,1,-2836034133333327.5,0.98
0.13,0.94,0.31,1,-3476299733333338.5,0.98
0.13,0.94,0.33999999999999997,1,-4020584533333328.0,0.98
0.13,0.94,0.37,1,-4468888533333336.0,0.98
0.13,0.94,0.4,1,-4821211733333328.0,0.98
0.13,0.94,0.43,1,-5077554133333338.0,0.98
0.13,0.94,0.45999999999999996,1,-5237915733333337.0,0.98
0.13,0.94,0.49,1,-5302296533333326.0,0.98
0.13,0.94,0.52,1,-5270696533333340.0,0.98
0.13,0.94,0.55,1,-5143115733333321.0,0.98
0.13,0.94,0.58,1,-4919554133333334.0,0.98
0.13,0.94,0.61,1,-4600011733333321.0,0.98
0.13,0.94,0.64,1,-4184488533333341.0,0.98
0.13,0.94,0.6699999999999999,1,-3672984533333337.5,0.98
0.13,0.94,0.7,1,-3065499733333328.5,0.98
0.13,0.94,0.73,1,-2362034133333344.0,0.98
0.13,0.94,0.76,1,-1562587733333321.5,0.98
0.13,0.94,0.79,1,-667160533333343.9,0.98
0.13,0.97,0.19,1,-340622933333331.3,0.98
0.13,0.97,0.22,1,-1268830933333323.5,0.98
0.13,0.97,0.25,1,-2101058133333338.8,0.98
0.13,0.97,0.28,1,-2837304533333327.5,0.98
0.13,0.97,0.31,1,-3477570133333339.0,0.98
0.13,0.97,0.33999999999999997,1,-4021854933333328.5,0.98
0.13,0.97,0.37,1,-4470158933333336.5,0.98
0.13,0.97,0.4,1,-4822482133333329.0,0.98
0.13,0.97,0.43,1,-5078824533333338.0,0.98
0.13,0.97,0.45999999999999996,1,-5239186133333337.0,0.98
0.13,0.97,0.49,1,-5303566933333327.0,0.98
0.13,0.97,0.52,1,-5271966933333340.0,0.98
0.13,0.97,0.55,1,-5144386133333322.0,0.98
0.13,0.97,0.58,1,-4920824533333335.0,0.98
0.13,0.97,0.61,1,-4601282133333322.0,0.98
0.13,0.97,0.64,1,-4185758933333341.5,0.98
0.13,0.97,0.6699999999999999,1,-3674254933333338.0,0.98
0.13,0.97,0.7,1,-3066770133333329.0,0.98
0.13,0.97,0.73,1,-2363304533333344.5,0.98
0.13,0.97,0.76,1,-1563858133333322.0,0.98
0.13,0.97,0.79,1,-668430933333344.2,0.98
0.16,0.28,0.09999999999999999,1,-133358933333334.53,0.98
0.16,0.31,0.09999999999999999,1,-133342933333334.81,0.98
0.16,0.31,0.13,1,-1161314133333337.2,0.98
0.16,0.33999999999999997,0.09999999999999999,1,-133384533333334.39,0.98
0.16,0.33999999999999997,0.13,1,-1161355733333337.8,0.98
0.16,0.33999999999999997,0.16,1,-2093346133333333.8,0.98
0.16,0.37,0.09999999999999999,1,-133483733333334.72,0.98
0.16,0.37,0.13,1,-1161454933333337.2,0.98
0.16,0.37,0.16,1,-2093445333333333.8,0.98
0.16,0.37,0.19,1,-2929454933333323.0,0.98
0.16,0.4,0.09999999999999999,1,-133640533333334.34,0.98
0.16,0.4,0.13,1,-1161611733333337.2,0.98
0.16,0.4,0.16,1,-2093602133333333.8,0.98
0.16,0.4,0.19,1,-2929611733333323.0,0.98
0.16,0.4,0.22,1,-3669640533333338.5,0.98
0.16,0.43,0.09999999999999999,1,-133854933333335.47,0.98
0.16,0.43,0.13,1,-1161826133333337.2,0.98
0.16,0.43,0.16,1,-2093816533333333.8,0.98
0.16,0.43,0.19,1,-2929826133333323.0,0.98
0.16,0.43,0.22,1,-3669854933333339.5,0.98
0.16,0.43,0.25,1,-4313902933333330.0,0.98
0.16,0.45999999999999996,0.09999999999999999,1,-134126933333335.16,0.98
0.16,0.45999999999999996,0.13,1,-1162098133333337.2,0.98
0.16,0.45999999999999996,0.16,1,-2094088533333333.8,0.98
0.16,0.45999999999999996,0.19,1,-2930098133333323.0,0.98
0.16,0.45999999999999996,0.22,1,-3670126933333339.5,0.98
0.16,0.45999999999999996,0.25,1,-4314174933333329.0,0.98
0.16,0.45999999999999996,0.28,1,-4862242133333341.0,0.98
0.16,0.49,0.09999999999999999,1,-134456533333334.86,0.98
0.16,0.49,0.13,1,-1162427733333337.5,0.98
0.16,0.49,0.16,1,-2094418133333334.0,0.98
0.16,0.49,0.19,1,-2930427733333323.5,0.98
0.16,0.49,0.22,1,-3670456533333339.0,0.98
0.16,0.49,0.25,1,-4314504533333330.0,0.98
0.16,0.49,0.28,1,-4862571733333342.0,0.98
0.16,0.49,0.31,1,-5314658133333332.0,0.98
0.16,0.52,0.09999999999999999,1,-134843733333335.34,0.98
0.16,0.52,0.13,1,-1162814933333337.2,0.98
0.16,0.52,0.16,1,-2094805333333334.0,0.98
0.16,0.52,0.19,1,-2930814933333323.0,0.98
0.16,0.52,0.22,1,-3670843733333339.5,0.98
0.16,0.52,0.25,1,-4314891733333330.5,0.98
0.16,0.52,0.28,1,-4862958933333343.0,0.98
0.16,0.52,0.31,1,-5315045333333333.0,0.98
0.16,0.52,0.33999999999999997,1,-5671150933333333.0,0.98
0.16,0.55,0.09999999999999999,1,-135288533333335.11,0.98
0.16,0.55,0.13,1,-1163259733333337.8,0.98
0.16,0.55,0.16,1,-2095250133333333.8,0.98
0.16,0.55,0.19,1,-2931259733333323.5,0.98
0.16,0.55,0.22,1,-3671288533333339.5,0.98
0.16,0.55,0.25,1,-4315336533333330.5,0.98
0.16,0.55,0.28,1,-4863403733333343.0,0.98
0.16,0.55,0.31,1,-5315490133333332.0,0.98
0.16,0.55,0.33999999999999997,1,-5671595733333333.0,0.98
0.16,0.55,0.37,1,-5931720533333335.0,0.98
0.16,0.58,0.09999999999999999,1,-135790933333334.16,0.98
0.16,0.58,0.13,1,-1163762133333337.5,0.98
0.16,0.58,0.16,1,-2095752533333334.0,0.98
0.16,0.58,0.19,1,-2931762133333323.5,0.98
0.16,0.58,0.22,1,-3671790933333338.5,0.98
